basis,energy_Ha
sto3g,-1084.981745604025
631g*,-1099.4366255169157
cc-pVDZ,-1099.4850023211816
cc-pVTZ,-1099.7448097039828
